Plant_Code,Site,Bee_Count,Treatment_Code,Mold,Insecticide,Sugar,Paint,julDate,julWeek,Month,Day,Time,min_day,hour_day,Temp_F,Wind_mph,Conditions,Barometric,Humidity
A01,A,0,51,1,0,0,0,55,8,Feb,24,12:12:00 PM,732,12,75,2,Full Sun,28,24
A02,A,1,51,1,0,0,0,55,8,Feb,24,11:14:00 AM,674,11,73,1,Full Sun,28,29
A03,A,6,51,1,0,0,0,55,8,Feb,24,11:13:00 AM,673,11,72,1,Full Sun,28,27
A04,A,0,52,1,1,0,0,55,8,Feb,24,11:34:00 AM,694,11,73,1,Full Sun,28,29
A05,A,1,52,1,1,0,0,55,8,Feb,24,10:50:00 AM,650,10,72,1,Full Sun,28,27
A06,A,1,52,1,1,0,0,55,8,Feb,24,12:41:00 PM,761,12,75,2,Full Sun,28,24
A07,A,0,53,0,0,0,0,55,8,Feb,24,11:57:00 AM,717,11,73,1,Full Sun,28,25
A08,A,0,53,0,0,0,0,55,8,Feb,24,12:26:00 PM,746,12,75,2,Full Sun,28,24
A09,A,0,53,0,0,0,0,55,8,Feb,24,10:33:00 AM,633,10,72,1,Full Sun,28,27
A10,A,0,54,0,1,0,0,55,8,Feb,24,10:59:00 AM,659,10,72,1,Full Sun,28,27
A11,A,1,54,0,1,0,0,55,8,Feb,24,12:07:00 PM,727,12,73,1,Full Sun,28,25
A12,A,0,54,0,1,0,0,55,8,Feb,24,12:34:00 PM,754,12,75,2,Full Sun,28,24
A13,A,0,55,0,0,0,1,55,8,Feb,24,11:03:00 AM,663,11,72,1,Full Sun,28,27
A14,A,1,55,0,0,0,1,55,8,Feb,24,11:25:00 AM,685,11,73,1,Full Sun,28,29
A15,A,0,55,0,0,0,1,55,8,Feb,24,1:05:00 PM,785,13,75,2,Full Sun,28,24
A16,A,0,56,0,0,1,0,55,8,Feb,24,11:48:00 AM,708,11,73,1,Full Sun,28,25
A17,A,6,56,0,0,1,0,55,8,Feb,24,11:48:00 AM,708,11,73,1,Full Sun,28,25
A18,A,0,56,0,0,1,0,55,8,Feb,24,10:33:00 AM,633,10,72,1,Full Sun,28,27
A19,A,0,57,0,0,1,1,55,8,Feb,24,12:58:00 PM,778,12,75,2,Full Sun,28,24
A20,A,1,57,0,0,1,1,55,8,Feb,24,12:22:00 PM,742,12,75,2,Full Sun,28,24
A21,A,0,57,0,0,1,1,55,8,Feb,24,11:39:00 AM,699,11,73,1,Full Sun,28,25
C01,C,0,51,1,0,0,0,69,10,Mar,9,11:42:00 AM,702,11,78,1,Full Sun,29,16
C01,C,0,51,1,0,0,0,69,10,Mar,9,2:11:00 PM,851,14,81,1,Full Sun,29,13
C02,C,1,51,1,0,0,0,69,10,Mar,9,1:19:00 PM,799,13,78,2,Full Sun,29,12
C02,C,0,51,1,0,0,0,69,10,Mar,9,11:13:00 AM,673,11,71,2,Full Sun,29,16
C03,C,2,51,1,0,0,0,69,10,Mar,9,1:31:00 PM,811,13,78,2,Full Sun,29,12
C03,C,2,51,1,0,0,0,69,10,Mar,9,10:10:00 AM,610,10,72,1,Full Sun,29,17
C04,C,0,52,1,1,0,0,69,10,Mar,9,1:52:00 PM,832,13,81,1,Full Sun,29,13
C04,C,0,52,1,1,0,0,69,10,Mar,9,10:56:00 AM,656,10,71,2,Full Sun,29,16
C05,C,0,52,1,1,0,0,69,10,Mar,9,1:15:00 PM,795,13,78,2,Full Sun,29,12
C05,C,0,52,1,1,0,0,69,10,Mar,9,11:29:00 AM,689,11,78,1,Full Sun,29,16
C06,C,0,52,1,1,0,0,69,10,Mar,9,10:35:00 AM,635,10,72,1,Full Sun,29,17
C06,C,0,52,1,1,0,0,69,10,Mar,9,2:10:00 PM,850,14,81,1,Full Sun,29,13
C07,C,0,53,0,0,0,0,69,10,Mar,9,11:21:00 AM,681,11,78,1,Full Sun,29,16
C07,C,0,53,0,0,0,0,69,10,Mar,9,2:20:00 PM,860,14,81,1,Full Sun,29,13
C08,C,0,53,0,0,0,0,69,10,Mar,9,1:13:00 PM,793,13,78,2,Full Sun,29,12
C08,C,0,53,0,0,0,0,69,10,Mar,9,11:20:00 AM,680,11,78,1,Full Sun,29,16
C09,C,0,53,0,0,0,0,69,10,Mar,9,11:51:00 AM,711,11,78,2,Full Sun,29,13
C09,C,0,53,0,0,0,0,69,10,Mar,9,2:38:00 PM,878,14,81,1,Full Sun,29,13
C10,C,0,54,0,1,0,0,69,10,Mar,9,1:38:00 PM,818,13,81,1,Full Sun,29,13
C10,C,0,54,0,1,0,0,69,10,Mar,9,10:31:00 AM,631,10,72,1,Full Sun,29,17
C11,C,0,54,0,1,0,0,69,10,Mar,9,1:28:00 PM,808,13,78,2,Full Sun,29,12
C11,C,0,54,0,1,0,0,69,10,Mar,9,10:47:00 AM,647,10,71,2,Full Sun,29,16
C12,C,1,54,0,1,0,0,69,10,Mar,9,10:54:00 AM,654,10,71,2,Full Sun,29,16
C12,C,0,54,0,1,0,0,69,10,Mar,9,2:00:00 PM,840,14,81,1,Full Sun,29,13
C13,C,0,55,0,0,0,1,69,10,Mar,9,10:26:00 AM,626,10,72,1,Full Sun,29,17
C13,C,0,55,0,0,0,1,69,10,Mar,9,2:04:00 PM,844,14,81,1,Full Sun,29,13
C14,C,0,55,0,0,0,1,69,10,Mar,9,10:19:00 AM,619,10,72,1,Full Sun,29,17
C14,C,0,55,0,0,0,1,69,10,Mar,9,2:30:00 PM,870,14,81,1,Full Sun,29,13
C15,C,0,55,0,0,0,1,69,10,Mar,9,1:56:00 PM,836,13,81,1,Full Sun,29,13
C15,C,0,55,0,0,0,1,69,10,Mar,9,10:12:00 AM,612,10,72,1,Full Sun,29,17
C16,C,0,56,0,0,1,0,69,10,Mar,9,1:23:00 PM,803,13,78,2,Full Sun,29,12
C16,C,0,56,0,0,1,0,69,10,Mar,9,11:06:00 AM,666,11,71,2,Full Sun,29,16
C17,C,2,56,0,0,1,0,69,10,Mar,9,10:43:00 AM,643,10,72,1,Full Sun,29,17
C17,C,3,56,0,0,1,0,69,10,Mar,9,2:20:00 PM,860,14,81,1,Full Sun,29,13
C18,C,0,56,0,0,1,0,69,10,Mar,9,10:25:00 AM,625,10,72,1,Full Sun,29,17
C18,C,3,56,0,0,1,0,69,10,Mar,9,2:39:00 PM,879,14,81,1,Full Sun,29,13
C19,C,1,57,0,0,1,1,69,10,Mar,9,11:31:00 AM,691,11,78,1,Full Sun,29,16
C19,C,0,57,0,0,1,1,69,10,Mar,9,2:28:00 PM,868,14,81,1,Full Sun,29,13
C20,C,1,57,0,0,1,1,69,10,Mar,9,1:44:00 PM,824,13,81,1,Full Sun,29,13
C20,C,2,57,0,0,1,1,69,10,Mar,9,11:04:00 AM,664,11,71,2,Full Sun,29,16
C21,C,1,57,0,0,1,1,69,10,Mar,9,1:45:00 PM,825,13,81,1,Full Sun,29,13
C21,C,0,57,0,0,1,1,69,10,Mar,9,11:36:00 AM,696,11,78,1,Full Sun,29,16
B01,B,0,51,1,0,0,0,75,11,Mar,15,12:22:00 PM,742,12,66,1,Cloudy (some shadow cast),29,48
B01,B,1,51,1,0,0,0,75,11,Mar,15,3:15:00 PM,915,15,69,1,Completly Cloudy (no Shadow),29,49
B02,B,2,51,1,0,0,0,75,11,Mar,15,12:35:00 PM,755,12,72,1,Cloudy (some shadow cast),29,45
B02,B,2,51,1,0,0,0,75,11,Mar,15,2:32:00 PM,872,14,72,0,Completly Cloudy (no Shadow),29,44
B03,B,0,51,1,0,0,0,75,11,Mar,15,12:25:00 PM,745,12,66,1,Cloudy (some shadow cast),29,48
B03,B,1,51,1,0,0,0,75,11,Mar,15,3:07:00 PM,907,15,69,1,Completly Cloudy (no Shadow),29,49
B04,B,0,52,1,1,0,0,75,11,Mar,15,11:07:00 AM,667,11,64,0,Partly Cloudy (>50% sun),29,63
B04,B,0,52,1,1,0,0,75,11,Mar,15,3:35:00 PM,935,15,74,1,Cloudy (some shadow cast),29,45
B05,B,0,52,1,1,0,0,75,11,Mar,15,12:05:00 PM,725,12,71,1,Partly Cloudy (>50% sun),29,48
B05,B,0,52,1,1,0,0,75,11,Mar,15,3:36:00 PM,936,15,74,1,Cloudy (some shadow cast),29,45
B06,B,1,52,1,1,0,0,75,11,Mar,15,10:52:00 AM,652,10,64,0,Partly Cloudy (>50% sun),29,63
B06,B,0,52,1,1,0,0,75,11,Mar,15,3:00:00 PM,900,15,69,1,Completly Cloudy (no Shadow),29,49
B07,B,2,53,0,0,0,0,75,11,Mar,15,11:56:00 AM,716,11,71,1,Partly Cloudy (>50% sun),29,48
B07,B,0,53,0,0,0,0,75,11,Mar,15,3:42:00 PM,942,15,74,1,Cloudy (some shadow cast),29,45
B08,B,0,53,0,0,0,0,75,11,Mar,15,11:26:00 AM,686,11,71,1,Partly Cloudy (>50% sun),29,48
B08,B,1,53,0,0,0,0,75,11,Mar,15,3:25:00 PM,925,15,74,1,Cloudy (some shadow cast),29,45
B09,B,0,53,0,0,0,0,75,11,Mar,15,11:40:00 AM,700,11,71,1,Partly Cloudy (>50% sun),29,48
B09,B,0,53,0,0,0,0,75,11,Mar,15,2:17:00 PM,857,14,72,0,Completly Cloudy (no Shadow),29,44
B10,B,1,54,0,1,0,0,75,11,Mar,15,10:57:00 AM,657,10,64,0,Partly Cloudy (>50% sun),29,63
B10,B,0,54,0,1,0,0,75,11,Mar,15,2:54:00 PM,894,14,69,1,Completly Cloudy (no Shadow),29,49
B11,B,0,54,0,1,0,0,75,11,Mar,15,11:58:00 AM,718,11,71,1,Partly Cloudy (>50% sun),29,48
B11,B,0,54,0,1,0,0,75,11,Mar,15,3:01:00 PM,901,15,69,1,Completly Cloudy (no Shadow),29,49
B12,B,1,54,0,1,0,0,75,11,Mar,15,11:05:00 AM,665,11,64,0,Partly Cloudy (>50% sun),29,63
B12,B,0,54,0,1,0,0,75,11,Mar,15,2:25:00 PM,865,14,72,0,Completly Cloudy (no Shadow),29,44
B13,B,0,55,0,0,0,1,75,11,Mar,15,12:13:00 PM,733,12,66,1,Cloudy (some shadow cast),29,48
B13,B,0,55,0,0,0,1,75,11,Mar,15,2:25:00 PM,865,14,72,0,Completly Cloudy (no Shadow),29,44
B14,B,0,55,0,0,0,1,75,11,Mar,15,12:16:00 PM,736,12,66,1,Cloudy (some shadow cast),29,48
B14,B,0,55,0,0,0,1,75,11,Mar,15,2:19:00 PM,859,4,72,0,Completly Cloudy (no Shadow),29,44
B15,B,0,55,0,0,0,1,75,11,Mar,15,12:08:00 PM,728,12,66,1,Cloudy (some shadow cast),29,48
B15,B,0,55,0,0,0,1,75,11,Mar,15,2:46:00 PM,886,14,72,0,Completly Cloudy (no Shadow),29,44
B16,B,2,56,0,0,1,0,75,11,Mar,15,11:45:00 AM,705,11,71,1,Partly Cloudy (>50% sun),29,48
B16,B,2,56,0,0,1,0,75,11,Mar,15,3:08:00 PM,908,15,69,1,Completly Cloudy (no Shadow),29,49
B17,B,1,56,0,0,1,0,75,11,Mar,15,11:28:00 AM,688,11,71,1,Partly Cloudy (>50% sun),29,48
B17,B,4,56,0,0,1,0,75,11,Mar,15,3:26:00 PM,926,15,74,1,Cloudy (some shadow cast),29,45
B18,B,3,56,0,0,1,0,75,11,Mar,15,11:48:00 AM,708,11,71,1,Partly Cloudy (>50% sun),29,48
B18,B,0,56,0,0,1,0,75,11,Mar,15,3:18:00 PM,918,15,69,1,Completly Cloudy (no Shadow),29,49
B19,B,4,57,0,0,1,1,75,11,Mar,15,11:14:00 AM,674,11,64,0,Partly Cloudy (>50% sun),29,63
B19,B,4,57,0,0,1,1,75,11,Mar,15,2:31:00 PM,871,14,72,0,Completly Cloudy (no Shadow),29,44
B20,B,2,57,0,0,1,1,75,11,Mar,15,11:34:00 AM,694,11,71,1,Partly Cloudy (>50% sun),29,48
B20,B,8,57,0,0,1,1,75,11,Mar,15,2:51:00 PM,891,14,69,1,Completly Cloudy (no Shadow),29,49
B21,B,1,57,0,0,1,1,75,11,Mar,15,11:14:00 AM,674,11,64,0,Partly Cloudy (>50% sun),29,63
B21,B,5,57,0,0,1,1,75,11,Mar,15,2:41:00 PM,881,14,72,0,Completly Cloudy (no Shadow),29,44
A01,A,0,51,1,0,0,0,89,13,Mar,29,11:34:00 AM,694,11,67,2,Partly Cloudy (>50% sun),28,45
A01,A,0,51,1,0,0,0,89,13,Mar,29,3:00:00 PM,900,15,70,0,Partly Cloudy (>50% sun),28,35
A02,A,1,51,1,0,0,0,89,13,Mar,29,10:35:00 AM,635,10,65,0,Partly Cloudy (>50% sun),28,43
A02,A,1,51,1,0,0,0,89,13,Mar,29,2:39:00 PM,879,14,70,0,Partly Cloudy (>50% sun),28,35
A03,A,0,51,1,0,0,0,89,13,Mar,29,10:41:00 AM,641,10,65,0,Partly Cloudy (>50% sun),28,43
A03,A,0,51,1,0,0,0,89,13,Mar,29,2:01:00 PM,841,14,74,0,Partly Cloudy (>50% sun),28,41
A04,A,1,52,1,1,0,0,89,13,Mar,29,11:19:00 AM,679,11,69,0,Cloudy (some shadow cast),28,41
A04,A,0,52,1,1,0,0,89,13,Mar,29,2:29:00 PM,869,14,71,1,Full Sun,28,40
A05,A,0,52,1,1,0,0,89,13,Mar,29,1:52:00 PM,832,13,74,0,Partly Cloudy (>50% sun),28,41
A05,A,0,52,1,1,0,0,89,13,Mar,29,11:32:00 AM,692,11,69,0,Cloudy (some shadow cast),28,41
A06,A,0,52,1,1,0,0,89,13,Mar,29,1:59:00 PM,839,13,74,0,Partly Cloudy (>50% sun),28,41
A06,A,0,52,1,1,0,0,89,13,Mar,29,10:12:00 AM,612,10,65,0,Partly Cloudy (>50% sun),28,43
A07,A,1,53,0,0,0,0,89,13,Mar,29,11:41:00 AM,701,11,67,2,Partly Cloudy (>50% sun),28,45
A07,A,0,53,0,0,0,0,89,13,Mar,29,2:48:00 PM,888,14,70,0,Partly Cloudy (>50% sun),28,35
A08,A,0,53,0,0,0,0,89,13,Mar,29,11:03:00 AM,663,11,69,0,Cloudy (some shadow cast),28,41
A08,A,1,53,0,0,0,0,89,13,Mar,29,2:17:00 PM,857,14,71,1,Full Sun,28,40
A09,A,0,53,0,0,0,0,89,13,Mar,29,10:22:00 AM,622,10,65,0,Partly Cloudy (>50% sun),28,43
A09,A,0,53,0,0,0,0,89,13,Mar,29,2:20:00 PM,860,14,71,1,Full Sun,28,40
A10,A,1,54,0,1,0,0,89,13,Mar,29,1:25:00 PM,805,13,74,0,Partly Cloudy (>50% sun),28,41
A10,A,2,54,0,1,0,0,89,13,Mar,29,11:00:00 AM,660,11,69,0,Cloudy (some shadow cast),28,41
A11,A,1,54,0,1,0,0,89,13,Mar,29,1:41:00 PM,821,13,74,0,Partly Cloudy (>50% sun),28,41
A11,A,1,54,0,1,0,0,89,13,Mar,29,10:31:00 AM,631,10,65,0,Partly Cloudy (>50% sun),28,43
A12,A,0,54,0,1,0,0,89,13,Mar,29,10:28:00 AM,628,10,65,0,Partly Cloudy (>50% sun),28,43
A12,A,0,54,0,1,0,0,89,13,Mar,29,2:38:00 PM,878,14,71,1,Full Sun,28,40
A13,A,0,55,0,0,0,1,89,13,Mar,29,1:34:00 PM,814,13,74,0,Partly Cloudy (>50% sun),28,41
A13,A,0,55,0,0,0,1,89,13,Mar,29,11:16:00 AM,676,11,69,0,Cloudy (some shadow cast),28,41
A14,A,1,55,0,0,0,1,89,13,Mar,29,1:50:00 PM,830,13,74,0,Partly Cloudy (>50% sun),28,41
A14,A,0,55,0,0,0,1,89,13,Mar,29,11:51:00 AM,711,11,67,2,Partly Cloudy (>50% sun),28,45
A15,A,0,55,0,0,0,1,89,13,Mar,29,11:41:00 AM,701,11,67,2,Partly Cloudy (>50% sun),28,45
A15,A,0,55,0,0,0,1,89,13,Mar,29,3:08:00 PM,908,15,69,4,Partly Cloudy (>50% sun),28,36
A16,A,3,56,0,0,1,0,89,13,Mar,29,1:42:00 PM,822,13,74,0,Partly Cloudy (>50% sun),28,41
A16,A,0,56,0,0,1,0,89,13,Mar,29,11:11:00 AM,671,11,69,0,Cloudy (some shadow cast),28,41
A17,A,1,56,0,0,1,0,89,13,Mar,29,10:51:00 AM,651,10,65,0,Partly Cloudy (>50% sun),28,43
A17,A,2,56,0,0,1,0,89,13,Mar,29,2:51:00 PM,891,14,70,0,Partly Cloudy (>50% sun),28,35
A18,A,3,56,0,0,1,0,89,13,Mar,29,1:33:00 PM,813,13,74,0,Partly Cloudy (>50% sun),28,41
A18,A,2,56,0,0,1,0,89,13,Mar,29,11:24:00 AM,684,11,69,0,Cloudy (some shadow cast),28,41
A19,A,0,57,0,0,1,1,89,13,Mar,29,11:09:00 AM,669,11,69,0,Cloudy (some shadow cast),28,41
A19,A,0,57,0,0,1,1,89,13,Mar,29,2:11:00 PM,851,14,71,1,Full Sun,28,40
A20,A,0,57,0,0,1,1,89,13,Mar,29,11:52:00 AM,712,11,67,2,Partly Cloudy (>50% sun),28,45
A20,A,0,57,0,0,1,1,89,13,Mar,29,2:28:00 PM,868,14,71,1,Full Sun,28,40
A21,A,0,57,0,0,1,1,89,13,Mar,29,10:46:00 AM,646,10,65,0,Partly Cloudy (>50% sun),28,43
A21,A,5,57,0,0,1,1,89,13,Mar,29,2:07:00 PM,847,14,74,0,Partly Cloudy (>50% sun),28,41
B01,B,0,51,1,0,0,0,94,14,Apr,3,12:07:00 PM,727,12,71,2,Full Sun,29,27
B01,B,1,51,1,0,0,0,94,14,Apr,3,2:59:00 PM,899,14,80,1,Partly Cloudy (>50% sun),29,27
B02,B,1,51,1,0,0,0,94,14,Apr,3,1:59:00 PM,839,13,80,1,Full Sun,29,27
B02,B,1,51,1,0,0,0,94,14,Apr,3,12:07:00 PM,727,12,71,2,Full Sun,29,27
B03,B,0,51,1,0,0,0,94,14,Apr,3,11:29:00 AM,689,11,70,0,Full Sun,29,36
B03,B,0,51,1,0,0,0,94,14,Apr,3,2:11:00 PM,851,14,74,3,Full Sun,29,30
B04,B,0,52,1,1,0,0,94,14,Apr,3,1:35:00 PM,815,13,80,1,Full Sun,29,27
B04,B,0,52,1,1,0,0,94,14,Apr,3,10:59:00 AM,659,10,70,0,Full Sun,29,36
B05,B,0,52,1,1,0,0,94,14,Apr,3,12:00:00 PM,720,12,71,2,Full Sun,29,27
B05,B,1,52,1,1,0,0,94,14,Apr,3,2:30:00 PM,870,14,74,3,Full Sun,29,30
B06,B,0,52,1,1,0,0,94,14,Apr,3,11:05:00 AM,665,11,70,0,Full Sun,29,36
B06,B,0,52,1,1,0,0,94,14,Apr,3,2:05:00 PM,845,14,80,1,Full Sun,29,27
B07,B,1,53,0,0,0,0,94,14,Apr,3,11:31:00 AM,691,11,66,1,Full Sun,29,32
B07,B,0,53,0,0,0,0,94,14,Apr,3,3:13:00 PM,913,15,79,1,Partly Cloudy (>50% sun),29,30
B08,B,1,53,0,0,0,0,94,14,Apr,3,1:38:00 PM,818,13,80,1,Full Sun,29,27
B08,B,0,53,0,0,0,0,94,14,Apr,3,11:46:00 AM,706,11,66,1,Full Sun,29,32
B09,B,0,53,0,0,0,0,94,14,Apr,3,1:32:00 PM,812,13,80,1,Full Sun,29,27
B09,B,0,53,0,0,0,0,94,14,Apr,3,12:24:00 PM,744,12,71,2,Full Sun,29,27
B10,B,0,54,0,1,0,0,94,14,Apr,3,1:45:00 PM,825,13,80,1,Full Sun,29,27
B10,B,0,54,0,1,0,0,94,14,Apr,3,11:53:00 AM,713,11,66,1,Full Sun,29,32
B11,B,0,54,0,1,0,0,94,14,Apr,3,11:51:00 AM,711,11,66,1,Full Sun,29,32
B11,B,0,54,0,1,0,0,94,14,Apr,3,2:44:00 PM,884,14,80,1,Partly Cloudy (>50% sun),29,27
B12,B,0,54,0,1,0,0,94,14,Apr,3,11:06:00 AM,666,11,70,0,Full Sun,29,36
B12,B,0,54,0,1,0,0,94,14,Apr,3,2:50:00 PM,890,14,80,1,Partly Cloudy (>50% sun),29,27
B13,B,0,55,0,0,0,1,94,14,Apr,3,10:57:00 AM,657,10,70,0,Full Sun,29,36
B13,B,1,55,0,0,0,1,94,14,Apr,3,2:57:00 PM,897,14,80,1,Partly Cloudy (>50% sun),29,27
B14,B,0,55,0,0,0,1,94,14,Apr,3,11:41:00 AM,701,11,66,1,Full Sun,29,32
B14,B,2,55,0,0,0,1,94,14,Apr,3,2:52:00 PM,892,14,80,1,Partly Cloudy (>50% sun),29,27
B15,B,0,55,0,0,0,1,94,14,Apr,3,12:00:00 PM,720,12,71,2,Full Sun,29,27
B15,B,0,55,0,0,0,1,94,14,Apr,3,2:23:00 PM,863,14,74,3,Full Sun,29,30
B16,B,2,56,0,0,1,0,94,14,Apr,3,12:14:00 PM,734,12,71,2,Full Sun,29,27
B16,B,2,56,0,0,1,0,94,14,Apr,3,2:39:00 PM,879,14,74,3,Full Sun,29,30
B17,B,0,56,0,0,1,0,94,14,Apr,3,11:13:00 AM,673,11,70,0,Full Sun,29,36
B17,B,3,56,0,0,1,0,94,14,Apr,3,2:13:00 PM,853,14,74,3,Full Sun,29,30
B18,B,0,56,0,0,1,0,94,14,Apr,3,11:38:00 AM,698,11,66,1,Full Sun,29,32
B18,B,2,56,0,0,1,0,94,14,Apr,3,2:17:00 PM,857,14,74,3,Full Sun,29,30
B19,B,0,57,0,0,1,1,94,14,Apr,3,11:11:00 AM,671,11,70,0,Full Sun,29,36
B19,B,1,57,0,0,1,1,94,14,Apr,3,2:33:00 PM,873,14,74,3,Full Sun,29,30
B20,B,2,57,0,0,1,1,94,14,Apr,3,1:48:00 PM,828,13,80,1,Full Sun,29,27
B20,B,0,57,0,0,1,1,94,14,Apr,3,11:21:00 AM,681,11,70,0,Full Sun,29,36
B21,B,1,57,0,0,1,1,94,14,Apr,3,1:51:00 PM,831,13,80,1,Full Sun,29,27
B21,B,0,57,0,0,1,1,94,14,Apr,3,11:19:00 AM,679,11,70,0,Full Sun,29,36
A01,A,0,51,1,0,0,0,109,16,Apr,18,11:59:00 AM,719,11,77,0,Full Sun,28,32
A01,A,0,51,1,0,0,0,109,16,Apr,18,2:57:00 PM,897,14,73,1,Full Sun,28,38
A01,A,0,51,1,0,0,0,109,16,Apr,18,3:15:00 PM,915,15,73,1,Full Sun,28,38
A02,A,0,51,1,0,0,0,109,16,Apr,18,10:50:00 AM,650,10,73,0,Full Sun,28,29
A02,A,0,51,1,0,0,0,109,16,Apr,18,11:05:00 AM,665,11,73,0,Full Sun,28,29
A02,A,0,51,1,0,0,0,109,16,Apr,18,3:22:00 PM,922,15,74,1,Partly Cloudy (>50% sun),28,37
A03,A,0,51,1,0,0,0,109,16,Apr,18,11:35:00 AM,695,11,68,2,Full Sun,28,35
A03,A,0,51,1,0,0,0,109,16,Apr,18,2:25:00 PM,865,14,74,3,Full Sun,28,39
A03,A,0,51,1,0,0,0,109,16,Apr,18,2:36:00 PM,876,14,74,3,Full Sun,28,39
A04,A,0,52,1,1,0,0,109,16,Apr,18,12:10:00 PM,730,12,77,0,Full Sun,28,32
A04,A,0,52,1,1,0,0,109,16,Apr,18,2:18:00 PM,858,14,74,3,Full Sun,28,39
A04,A,0,52,1,1,0,0,109,16,Apr,18,2:50:00 PM,890,14,73,1,Full Sun,28,38
A05,A,0,52,1,1,0,0,109,16,Apr,18,10:40:00 AM,640,10,73,0,Full Sun,28,29
A05,A,0,52,1,1,0,0,109,16,Apr,18,2:16:00 PM,856,14,74,3,Full Sun,28,39
A05,A,0,52,1,1,0,0,109,16,Apr,18,3:06:00 PM,906,15,73,1,Full Sun,28,38
A06,A,1,52,1,1,0,0,109,16,Apr,18,10:54:00 AM,654,10,73,0,Full Sun,28,29
A06,A,0,52,1,1,0,0,109,16,Apr,18,11:42:00 AM,702,11,68,2,Full Sun,28,35
A06,A,0,52,1,1,0,0,109,16,Apr,18,2:50:00 PM,890,14,73,1,Full Sun,28,38
A07,A,0,53,0,0,0,0,109,16,Apr,18,10:42:00 AM,642,10,73,0,Full Sun,28,29
A07,A,0,53,0,0,0,0,109,16,Apr,18,11:43:00 AM,703,11,68,2,Full Sun,28,35
A07,A,0,53,0,0,0,0,109,16,Apr,18,2:35:00 PM,875,14,74,3,Full Sun,28,39
A08,A,1,53,0,0,0,0,109,16,Apr,18,10:36:00 AM,636,10,73,0,Full Sun,28,29
A08,A,0,53,0,0,0,0,109,16,Apr,18,2:23:00 PM,863,14,74,3,Full Sun,28,39
A08,A,0,53,0,0,0,0,109,16,Apr,18,2:59:00 PM,899,14,73,1,Full Sun,28,38
A09,A,1,53,0,0,0,0,109,16,Apr,18,10:59:00 AM,659,10,73,0,Full Sun,28,29
A09,A,0,53,0,0,0,0,109,16,Apr,18,11:31:00 AM,691,11,68,2,Full Sun,28,35
A09,A,0,53,0,0,0,0,109,16,Apr,18,3:06:00 PM,906,15,73,1,Full Sun,28,38
A10,A,0,54,0,1,0,0,109,16,Apr,18,11:20:00 AM,680,11,68,2,Full Sun,28,35
A10,A,0,54,0,1,0,0,109,16,Apr,18,2:51:00 PM,891,14,73,1,Full Sun,28,38
A10,A,0,54,0,1,0,0,109,16,Apr,18,3:27:00 PM,927,15,74,1,Partly Cloudy (>50% sun),28,37
A11,A,1,54,0,1,0,0,109,16,Apr,18,11:15:00 AM,675,11,73,0,Full Sun,28,29
A11,A,0,54,0,1,0,0,109,16,Apr,18,11:50:00 AM,710,11,68,2,Full Sun,28,35
A11,A,0,54,0,1,0,0,109,16,Apr,18,3:18:00 PM,918,15,74,1,Partly Cloudy (>50% sun),28,37
A12,A,0,54,0,1,0,0,109,16,Apr,18,11:28:00 AM,688,11,68,2,Full Sun,28,35
A12,A,0,54,0,1,0,0,109,16,Apr,18,2:27:00 PM,867,14,74,3,Full Sun,28,39
A12,A,0,54,0,1,0,0,109,16,Apr,18,3:07:00 PM,907,15,73,1,Full Sun,28,38
A13,A,0,55,0,0,0,1,109,16,Apr,18,11:00:00 AM,660,11,73,0,Full Sun,28,29
A13,A,0,55,0,0,0,1,109,16,Apr,18,11:45:00 AM,705,11,68,2,Full Sun,28,35
A13,A,0,55,0,0,0,1,109,16,Apr,18,2:09:00 PM,849,14,74,3,Full Sun,28,39
A14,A,1,55,0,0,0,1,109,16,Apr,18,10:35:00 AM,635,10,73,0,Full Sun,28,29
A14,A,0,55,0,0,0,1,109,16,Apr,18,12:04:00 PM,724,12,77,0,Full Sun,28,32
A14,A,0,55,0,0,0,1,109,16,Apr,18,2:43:00 PM,883,14,74,3,Full Sun,28,39
A15,A,0,55,0,0,0,1,109,16,Apr,18,11:24:00 AM,684,11,68,2,Full Sun,28,35
A15,A,0,55,0,0,0,1,109,16,Apr,18,3:21:00 PM,921,15,74,1,Partly Cloudy (>50% sun),28,37
A15,A,0,55,0,0,0,1,109,16,Apr,18,3:34:00 PM,934,15,74,1,Partly Cloudy (>50% sun),28,37
A16,A,0,56,0,0,1,0,109,16,Apr,18,10:46:00 AM,646,10,73,0,Full Sun,28,29
A16,A,0,56,0,0,1,0,109,16,Apr,18,2:10:00 PM,850,14,74,3,Full Sun,28,39
A16,A,0,56,0,0,1,0,109,16,Apr,18,3:15:00 PM,915,15,73,1,Full Sun,28,38
A17,A,3,56,0,0,1,0,109,16,Apr,18,11:37:00 AM,697,11,68,2,Full Sun,28,35
A17,A,2,56,0,0,1,0,109,16,Apr,18,11:56:00 AM,716,11,77,0,Full Sun,28,32
A17,A,5,56,0,0,1,0,109,16,Apr,18,3:30:00 PM,930,15,74,1,Partly Cloudy (>50% sun),28,37
A18,A,0,56,0,0,1,0,109,16,Apr,18,11:22:00 AM,682,11,68,2,Full Sun,28,35
A18,A,0,56,0,0,1,0,109,16,Apr,18,11:52:00 AM,712,11,68,2,Full Sun,28,35
A18,A,4,56,0,0,1,0,109,16,Apr,18,2:17:00 PM,857,14,74,3,Full Sun,28,39
A19,A,0,57,0,0,1,1,109,16,Apr,18,10:51:00 AM,651,10,73,0,Full Sun,28,29
A19,A,0,57,0,0,1,1,109,16,Apr,18,2:41:00 PM,881,14,74,3,Full Sun,28,39
A19,A,0,57,0,0,1,1,109,16,Apr,18,3:28:00 PM,928,15,74,1,Partly Cloudy (>50% sun),28,37
A20,A,0,57,0,0,1,1,109,16,Apr,18,11:56:00 AM,716,11,77,0,Full Sun,28,32
A20,A,0,57,0,0,1,1,109,16,Apr,18,2:43:00 PM,883,14,74,3,Full Sun,28,39
A20,A,0,57,0,0,1,1,109,16,Apr,18,2:57:00 PM,897,14,73,1,Full Sun,28,38
A21,A,1,57,0,0,1,1,109,16,Apr,18,11:06:00 AM,666,11,73,0,Full Sun,28,29
A21,A,0,57,0,0,1,1,109,16,Apr,18,11:12:00 AM,672,11,73,0,Full Sun,28,29
A21,A,3,57,0,0,1,1,109,16,Apr,18,2:30:00 PM,870,14,74,3,Full Sun,28,39
C01,C,0,51,1,0,0,0,110,16,Apr,19,11:41:00 AM,701,11,78,2,Full Sun,29,40
C01,C,0,51,1,0,0,0,110,16,Apr,19,2:39:00 PM,879,14,80,2,Full Sun,29,39
C02,C,0,51,1,0,0,0,110,16,Apr,19,10:41:00 AM,641,10,73,1,Full Sun,29,47
C02,C,0,51,1,0,0,0,110,16,Apr,19,2:07:00 PM,847,14,84,1,Full Sun,28,39
C03,C,0,51,1,0,0,0,110,16,Apr,19,1:54:00 PM,834,14,84,1,Full Sun,28,39
C03,C,1,51,1,0,0,0,110,16,Apr,19,10:35:00 AM,635,10,73,1,Full Sun,29,47
C04,C,0,52,1,1,0,0,110,16,Apr,19,12:21:00 PM,741,12,76,3,Full Sun,28,42
C04,C,0,52,1,1,0,0,110,16,Apr,19,2:56:00 PM,896,14,80,2,Full Sun,28,43
C05,C,0,52,1,1,0,0,110,16,Apr,19,11:09:00 AM,669,11,73,1,Full Sun,29,47
C05,C,2,52,1,1,0,0,110,16,Apr,19,2:24:00 PM,864,14,84,1,Full Sun,28,39
C06,C,0,52,1,1,0,0,110,16,Apr,19,11:33:00 AM,693,11,78,2,Full Sun,29,40
C06,C,0,52,1,1,0,0,110,16,Apr,19,2:49:00 PM,889,14,80,2,Full Sun,29,39
C07,C,0,53,0,0,0,0,110,16,Apr,19,11:17:00 AM,677,11,78,2,Full Sun,29,40
C07,C,0,53,0,0,0,0,110,16,Apr,19,3:11:00 PM,911,15,80,2,Full Sun,28,43
C08,C,0,53,0,0,0,0,110,16,Apr,19,12:04:00 PM,724,12,81,1,Full Sun,29,40
C08,C,0,53,0,0,0,0,110,16,Apr,19,2:16:00 PM,856,14,84,1,Full Sun,28,39
C09,C,0,53,0,0,0,0,110,16,Apr,19,11:57:00 AM,717,11,81,1,Full Sun,29,40
C09,C,0,53,0,0,0,0,110,16,Apr,19,3:12:00 PM,912,15,80,2,Full Sun,28,43
C10,C,0,54,0,1,0,0,110,16,Apr,19,10:56:00 AM,656,10,73,1,Full Sun,29,47
C10,C,0,54,0,1,0,0,110,16,Apr,19,2:25:00 PM,865,14,80,2,Full Sun,29,39
C11,C,0,54,0,1,0,0,110,16,Apr,19,10:53:00 AM,653,10,73,1,Full Sun,29,47
C11,C,0,54,0,1,0,0,110,16,Apr,19,2:33:00 PM,873,14,80,2,Full Sun,29,39
C12,C,1,54,0,1,0,0,110,16,Apr,19,10:43:00 AM,643,10,73,1,Full Sun,29,47
C12,C,0,54,0,1,0,0,110,16,Apr,19,2:43:00 PM,883,14,80,2,Full Sun,29,39
C13,C,0,55,0,0,0,1,110,16,Apr,19,11:05:00 AM,665,11,73,1,Full Sun,29,47
C13,C,0,55,0,0,0,1,110,16,Apr,19,3:05:00 PM,905,15,80,2,Full Sun,28,43
C14,C,0,55,0,0,0,1,110,16,Apr,19,11:37:00 AM,697,11,78,2,Full Sun,29,40
C14,C,0,55,0,0,0,1,110,16,Apr,19,2:00:00 PM,840,14,84,1,Full Sun,28,39
C15,C,1,55,0,0,0,1,110,16,Apr,19,12:14:00 PM,734,12,76,3,Full Sun,28,42
C15,C,0,55,0,0,0,1,110,16,Apr,19,2:57:00 PM,897,14,80,2,Full Sun,28,43
C16,C,1,56,0,0,1,0,110,16,Apr,19,11:28:00 AM,688,11,78,2,Full Sun,29,40
C16,C,1,56,0,0,1,0,110,16,Apr,19,2:16:00 PM,856,14,84,1,Full Sun,28,39
C17,C,1,56,0,0,1,0,110,16,Apr,19,11:49:00 AM,709,11,81,1,Full Sun,29,40
C17,C,5,56,0,0,1,0,110,16,Apr,19,2:10:00 PM,850,14,84,1,Full Sun,28,39
C18,C,5,56,0,0,1,0,110,16,Apr,19,1:50:00 PM,830,13,84,1,Full Sun,28,39
C18,C,2,56,0,0,1,0,110,16,Apr,19,11:02:00 AM,662,11,73,1,Full Sun,29,47
C19,C,0,57,0,0,1,1,110,16,Apr,19,11:16:00 AM,676,11,78,2,Full Sun,29,40
C19,C,2,57,0,0,1,1,110,16,Apr,19,2:00:00 PM,840,14,84,1,Full Sun,28,39
C20,C,0,57,0,0,1,1,110,16,Apr,19,11:25:00 AM,685,11,78,2,Full Sun,29,40
C20,C,1,57,0,0,1,1,110,16,Apr,19,3:02:00 PM,902,15,80,2,Full Sun,28,43
C21,C,0,57,0,0,1,1,110,16,Apr,19,11:47:00 AM,707,11,81,1,Full Sun,29,40
C21,C,2,57,0,0,1,1,110,16,Apr,19,2:32:00 PM,872,14,80,2,Full Sun,29,39
B01,B,0,51,1,0,0,0,115,17,Apr,24,12:07:00 PM,727,12,73,0,Partly Cloudy (>50% sun),29,50
B01,B,0,51,1,0,0,0,115,17,Apr,24,2:47:00 PM,887,14,77,2,Partly Cloudy (>50% sun),29,42
B02,B,7,51,1,0,0,0,115,17,Apr,24,12:37:00 PM,757,12,72,1,Partly Cloudy (>50% sun),29,49
B02,B,5,51,1,0,0,0,115,17,Apr,24,2:27:00 PM,867,14,79,2,Partly Cloudy (>50% sun),29,41
B03,B,0,51,1,0,0,0,115,17,Apr,24,11:56:00 AM,716,11,73,0,Partly Cloudy (>50% sun),29,50
B03,B,0,51,1,0,0,0,115,17,Apr,24,2:28:00 PM,868,14,79,2,Partly Cloudy (>50% sun),29,41
B04,B,1,52,1,1,0,0,115,17,Apr,24,11:51:00 AM,711,11,73,0,Partly Cloudy (>50% sun),29,50
B04,B,0,52,1,1,0,0,115,17,Apr,24,2:42:00 PM,882,14,79,2,Partly Cloudy (>50% sun),29,41
B05,B,1,52,1,1,0,0,115,17,Apr,24,12:49:00 PM,769,12,76,1,Partly Cloudy (>50% sun),29,45
B05,B,0,52,1,1,0,0,115,17,Apr,24,2:57:00 PM,897,14,77,2,Partly Cloudy (>50% sun),29,42
B06,B,0,52,1,1,0,0,115,17,Apr,24,12:15:00 PM,735,12,72,1,Partly Cloudy (>50% sun),29,49
B06,B,1,52,1,1,0,0,115,17,Apr,24,2:20:00 PM,860,14,79,2,Partly Cloudy (>50% sun),29,41
B07,B,0,53,0,0,0,0,115,17,Apr,24,12:15:00 PM,735,12,72,1,Partly Cloudy (>50% sun),29,49
B07,B,0,53,0,0,0,0,115,17,Apr,24,2:21:00 PM,861,14,79,2,Partly Cloudy (>50% sun),29,41
B08,B,1,53,0,0,0,0,115,17,Apr,24,12:03:00 PM,723,12,73,0,Partly Cloudy (>50% sun),29,50
B08,B,0,53,0,0,0,0,115,17,Apr,24,3:02:00 PM,902,15,77,2,Partly Cloudy (>50% sun),29,42
B09,B,0,53,0,0,0,0,115,17,Apr,24,12:30:00 PM,750,12,72,1,Partly Cloudy (>50% sun),29,49
B09,B,0,53,0,0,0,0,115,17,Apr,24,2:35:00 PM,875,14,79,2,Partly Cloudy (>50% sun),29,41
B10,B,1,54,0,1,0,0,115,17,Apr,24,12:44:00 PM,764,12,76,1,Partly Cloudy (>50% sun),29,45
B10,B,1,54,0,1,0,0,115,17,Apr,24,3:11:00 PM,911,15,77,2,Partly Cloudy (>50% sun),29,43
B11,B,0,54,0,1,0,0,115,17,Apr,24,12:43:00 PM,763,12,76,1,Partly Cloudy (>50% sun),29,45
B11,B,0,54,0,1,0,0,115,17,Apr,24,3:14:00 PM,914,15,77,2,Partly Cloudy (>50% sun),29,43
B12,B,1,54,0,1,0,0,115,17,Apr,24,12:22:00 PM,742,12,72,1,Partly Cloudy (>50% sun),29,49
B12,B,1,54,0,1,0,0,115,17,Apr,24,2:54:00 PM,894,14,77,2,Partly Cloudy (>50% sun),29,42
B13,B,0,55,0,0,0,1,115,17,Apr,24,12:32:00 PM,752,12,72,1,Partly Cloudy (>50% sun),29,49
B13,B,0,55,0,0,0,1,115,17,Apr,24,2:49:00 PM,889,14,77,2,Partly Cloudy (>50% sun),29,42
B14,B,0,55,0,0,0,1,115,17,Apr,24,12:00:00 PM,720,12,73,0,Partly Cloudy (>50% sun),29,50
B14,B,0,55,0,0,0,1,115,17,Apr,24,2:37:00 PM,877,14,79,2,Partly Cloudy (>50% sun),29,41
B15,B,0,55,0,0,0,1,115,17,Apr,24,11:44:00 AM,704,11,73,0,Partly Cloudy (>50% sun),29,50
B15,B,0,55,0,0,0,1,115,17,Apr,24,2:06:00 PM,846,14,79,2,Partly Cloudy (>50% sun),29,41
B16,B,0,56,0,0,1,0,115,17,Apr,24,11:47:00 AM,707,11,73,0,Partly Cloudy (>50% sun),29,50
B16,B,2,56,0,0,1,0,115,17,Apr,24,2:12:00 PM,852,14,79,2,Partly Cloudy (>50% sun),29,41
B17,B,3,56,0,0,1,0,115,17,Apr,24,12:57:00 PM,777,12,76,1,Partly Cloudy (>50% sun),29,45
B17,B,4,56,0,0,1,0,115,17,Apr,24,14:11:00 PM,851,14,79,2,Partly Cloudy (>50% sun),29,45
B18,B,0,56,0,0,1,0,115,17,Apr,24,11:33:00 AM,693,11,73,0,Partly Cloudy (>50% sun),29,50
B18,B,0,56,0,0,1,0,115,17,Apr,24,3:19:00 PM,919,15,77,2,Partly Cloudy (>50% sun),29,43
B19,B,1,57,0,0,1,1,115,17,Apr,24,12:24:00 PM,744,12,72,1,Partly Cloudy (>50% sun),29,49
B19,B,8,57,0,0,1,1,115,17,Apr,24,3:04:00 PM,904,15,77,2,Partly Cloudy (>50% sun),29,42
B20,B,0,57,0,0,1,1,115,17,Apr,24,11:38:00 AM,698,11,73,0,Partly Cloudy (>50% sun),29,50
B20,B,1,57,0,0,1,1,115,17,Apr,24,3:23:00 PM,923,15,77,2,Partly Cloudy (>50% sun),29,43
B21,B,1,57,0,0,1,1,115,17,Apr,24,1:06:00 PM,786,13,76,1,Partly Cloudy (>50% sun),29,45
B21,B,5,57,0,0,1,1,115,17,Apr,24,3:30:00 PM,930,15,77,2,Partly Cloudy (>50% sun),29,43
C01,C,1,51,1,0,0,0,119,17,Apr,28,1:54:00 PM,834,13,78,2,Full Sun,29,29
C01,C,0,51,1,0,0,0,119,17,Apr,28,10:42:00 AM,642,10,66,2,Full Sun,28,44
C02,C,0,51,1,0,0,0,119,17,Apr,28,1:42:00 PM,822,13,75,3,Full Sun,28,33
C02,C,0,51,1,0,0,0,119,17,Apr,28,11:16:00 AM,676,11,73,2,Full Sun,28,36
C03,C,3,51,1,0,0,0,119,17,Apr,28,1:38:00 PM,818,13,75,3,Full Sun,29,33
C03,C,1,51,1,0,0,0,119,17,Apr,28,10:33:00 AM,633,10,66,2,Full Sun,29,44
C04,C,0,52,1,1,0,0,119,17,Apr,28,1:29:00 PM,809,13,75,3,Full Sun,28,33
C04,C,0,52,1,1,0,0,119,17,Apr,28,11:28:00 AM,688,11,73,2,Full Sun,28,36
C05,C,1,52,1,1,0,0,119,17,Apr,28,11:03:00 AM,663,11,73,2,Full Sun,29,36
C05,C,0,52,1,1,0,0,119,17,Apr,28,2:31:00 PM,871,14,78,2,Full Sun,28,29
C06,C,0,52,1,1,0,0,119,17,Apr,28,10:23:00 AM,623,10,66,2,Full Sun,28,44
C06,C,0,52,1,1,0,0,119,17,Apr,28,2:17:00 PM,857,14,78,2,Full Sun,28,29
C07,C,1,53,0,0,0,0,119,17,Apr,28,10:56:00 AM,656,10,66,2,Full Sun,29,44
C07,C,0,53,0,0,0,0,119,17,Apr,28,2:25:00 PM,865,14,78,2,Full Sun,28,29
C08,C,0,53,0,0,0,0,119,17,Apr,28,1:53:00 PM,833,13,78,2,Full Sun,28,29
C08,C,0,53,0,0,0,0,119,17,Apr,28,11:41:00 AM,701,11,72,2,Full Sun,28,34
C09,C,0,53,0,0,0,0,119,17,Apr,28,11:35:00 AM,695,11,72,2,Full Sun,28,34
C09,C,0,53,0,0,0,0,119,17,Apr,28,2:03:00 PM,843,14,78,2,Full Sun,28,29
C10,C,0,54,0,1,0,0,119,17,Apr,28,1:13:00 PM,793,13,75,3,Full Sun,28,33
C10,C,0,54,0,1,0,0,119,17,Apr,28,10:25:00 AM,625,10,66,2,Full Sun,28,44
C11,C,0,54,0,1,0,0,119,17,Apr,28,1:20:00 PM,800,13,75,3,Full Sun,28,33
C11,C,0,54,0,1,0,0,119,17,Apr,28,11:23:00 AM,683,11,73,2,Full Sun,28,36
C12,C,2,54,0,1,0,0,119,17,Apr,28,10:50:00 AM,650,10,66,2,Full Sun,28,44
C12,C,0,54,0,1,0,0,119,17,Apr,28,2:40:00 PM,880,14,79,2,Full Sun,28,27
C13,C,0,55,0,0,0,1,119,17,Apr,28,1:35:00 PM,815,13,75,3,Full Sun,28,33
C13,C,0,55,0,0,0,1,119,17,Apr,28,11:02:00 AM,662,11,73,2,Full Sun,28,36
C14,C,0,55,0,0,0,1,119,17,Apr,28,11:09:00 AM,669,11,73,2,Full Sun,28,36
C14,C,0,55,0,0,0,1,119,17,Apr,28,2:48:00 PM,888,14,79,2,Full Sun,28,27
C15,C,0,55,0,0,0,1,119,17,Apr,28,1:21:00 PM,801,13,75,3,Full Sun,28,33
C15,C,0,55,0,0,0,1,119,17,Apr,28,10:41:00 AM,641,10,66,2,Full Sun,28,44
C16,C,1,56,0,0,1,0,119,17,Apr,28,11:50:00 AM,710,11,72,2,Full Sun,28,34
C16,C,11,56,0,0,1,0,119,17,Apr,28,2:02:00 PM,842,14,78,2,Full Sun,28,29
C17,C,14,56,0,0,1,0,119,17,Apr,28,1:27:00 PM,807,13,75,3,Full Sun,28,33
C17,C,1,56,0,0,1,0,119,17,Apr,28,11:21:00 AM,681,11,73,2,Full Sun,29,36
C18,C,1,56,0,0,1,0,119,17,Apr,28,11:35:00 AM,695,11,72,2,Full Sun,29,34
C18,C,7,56,0,0,1,0,119,17,Apr,28,2:10:00 PM,850,14,78,2,Full Sun,29,29
C19,C,3,57,0,0,1,1,119,17,Apr,28,11:12:00 AM,672,11,73,2,Full Sun,29,36
C19,C,22,57,0,0,1,1,119,17,Apr,28,2:29:00 PM,869,14,78,2,Full Sun,28,29
C20,C,4,57,0,0,1,1,119,17,Apr,28,1:47:00 PM,827,13,75,3,Full Sun,29,33
C20,C,0,57,0,0,1,1,119,17,Apr,28,10:33:00 AM,633,10,66,2,Full Sun,28,44
C21,C,0,57,0,0,1,1,119,17,Apr,28,10:50:00 AM,650,10,66,2,Full Sun,28,44
C21,C,8,57,0,0,1,1,119,17,Apr,28,2:10:00 PM,850,14,78,2,Full Sun,28,29